{
  "filename": "รายงานสินค้าสำเร็จรูป.xlsx",
  "sheets": [
    {
      "name": "ฟรอมร์",
      "dimensions": "A1:AC67",
      "max_row": 67,
      "max_column": 29,
      "column_widths": {
        "A": 9.5,
        "B": 10.59765625,
        "C": 13.8984375,
        "D": 4.0,
        "E": 5.0,
        "F": 13.59765625,
        "G": 7.69921875,
        "H": 8.09765625,
        "I": 7.5,
        "J": 6.19921875,
        "K": 13.0,
        "L": 8.69921875,
        "M": 9.796875,
        "N": 8.69921875,
        "O": 13.0,
        "P": 13.0,
        "Q": 13.0,
        "R": 13.0,
        "S": 13.0,
        "T": 13.0,
        "U": 13.0,
        "V": 13.0,
        "W": 13.0,
        "X": 13.0,
        "Y": 13.0,
        "Z": 13.0,
        "AA": 13.0,
        "AB": 13.0,
        "AC": 13.0
      },
      "row_heights": {
        "1": 16.95,
        "2": 16.95,
        "3": 16.95,
        "4": 24.0,
        "5": 11.4,
        "6": 20.4,
        "7": 21.75,
        "8": 21.75,
        "9": 21.0,
        "10": 21.0,
        "11": 21.0,
        "12": 21.0,
        "13": 21.0,
        "14": 21.0,
        "15": 21.0,
        "16": 21.0,
        "17": 21.0,
        "18": 18.6,
        "19": 19.5,
        "20": 18.75,
        "21": 21.0,
        "22": 21.75,
        "23": 20.25,
        "24": 21.0,
        "25": 20.25,
        "26": 21.0,
        "27": 20.25,
        "28": 14.25,
        "29": 27.75,
        "30": 21.75,
        "31": 20.25,
        "32": 18.6,
        "33": 18.75,
        "34": 18.75,
        "35": 24.75,
        "36": 20.25,
        "37": 21.0,
        "38": 28.5,
        "39": 23.25,
        "40": 23.25,
        "41": 23.4,
        "42": 21.75,
        "43": 16.95,
        "44": 16.95,
        "46": 16.95
      },
      "merged_cells": [
        "S20:X21",
        "B7:C7",
        "D34:E34",
        "A24:H24",
        "A36:B36",
        "I24:L28",
        "I43:K43",
        "I29:L29",
        "C14:D14",
        "D36:E36",
        "C18:D18",
        "A6:H6",
        "J33:L34",
        "A33:B34",
        "J1:L2",
        "A25:H25",
        "E12:H12",
        "I21:L22",
        "A32:L32",
        "A37:B37",
        "A17:C17",
        "I8:L18",
        "D9:F9",
        "I6:L6",
        "K31:L31",
        "A18:B18",
        "I44:K44",
        "B8:C8",
        "A27:H27",
        "D8:F8",
        "J3:L3",
        "A4:L4",
        "A12:B12",
        "A10:C10",
        "A38:L38",
        "C12:D12",
        "A26:H26",
        "A21:H21",
        "R6:W7",
        "J42:L42",
        "D37:E37",
        "A14:B14",
        "I7:L7",
        "J39:L41",
        "I1:I2",
        "A23:H23",
        "A15:C15",
        "E16:E17",
        "I19:L20",
        "A22:H22",
        "A35:B35",
        "J36:L37",
        "A30:L30",
        "D10:F10",
        "I46:K46",
        "I23:L23",
        "D33:E33",
        "A20:H20",
        "A28:H28",
        "A13:B13",
        "A19:H19",
        "I31:J31",
        "C13:D13",
        "D1:G2",
        "A31:H31",
        "A16:C16",
        "D35:E35",
        "E14:E15"
      ],
      "data_sample": {
        "I1": "เลขที่",
        "A4": "รายงานสินค้าสำเร็จรูป และการตรวจสอบ",
        "A6": "แผนกผลิต 2",
        "I6": "ผลการตรวจสอบ",
        "A7": "รหัสสินค้า ",
        "D7": "ตัดผ้าวันที่  ....../......../.......",
        "G7": "เวลา…........................น.",
        "I7": "  £  ผ่าน           £  ไม่ผ่าน",
        "A8": "No. ใบสั่งผลิต",
        "D8": "วันที่  ........./........../...........",
        "G8": "CL. NO  ",
        "M8": " ",
        "A9": "ความยาว",
        "C9": "เมตร",
        "D9": "น้ำหนักม้วน…...............กก. ",
        "G9": "หน้าผ้า",
        "A10": "ค่าเฉลี่ยม้วน........................................กรัม/ใบ",
        "D10": "จำนวนแผล ...................  แผล",
        "A11": "ชื่อพนักงานทอ กะ A",
        "D11": "ชื่อพนักงานทอ กะ B",
        "A12": "ดีเนียร์  ยืน .............",
        "C12": "Lot No…....................",
        "E12": "นับโครงสร้างผ้าเรียงเส้น",
        "A13": "ดีเนียร์  พุ่ง ..............",
        "C13": "Lot No…....................",
        "E13": "กะ",
        "F13": "แนว",
        "G13": "หน้า",
        "H13": "หลัง",
        "A14": "ดีเนียร์  พุ่ง ..............",
        "C14": "Lot No…....................",
        "E14": "A",
        "F14": "ยืน",
        "A15": "ชื่อพนักงานตัดม้วน..........................................................",
        "F15": "พุ่ง",
        "A16": "ผู้รายงาน............................................................................",
        "E16": "B",
        "F16": "ยืน",
        "A17": "ผู้ตรวจสอบ............ ภัสสภร............... ",
        "F17": "พุ่ง",
        "A19": "แผนกผลิต 3",
        "I19": "ผลการตรวจสอบ",
        "A20": "                                                                                               เลขที่ S/O ……………………….."
      }
    }
  ]
}